wi,Ai,mu_i,L_gamma_i,G_sigma2_i,fwhm,Rwp: 18.370031,Rp: 10.161206 ,Rsquare: 0.879047 
17.4607432060427,0.153101112710367,27.425772936308427,0.041533372554947406,0.003154694031740203,0.1260507359999991
81.36566447041285,0.16989184357834697,27.495129098034557,0.022360679774997897,0.0029872279621230464,0.10504227999999927
1120.9044027137707,0.3897293655047536,31.772623281814745,0.057339814343635054,0.0033942056780279484,0.13130284999999908
1629.2077323843246,0.2625604289436811,31.853517803866453,0.06839381694156445,0.0029626227519168073,0.13130284999999908
849.1565185375665,0.6490526278268242,45.54982370970924,0.034895658389339786,0.0036822676511511676,0.08928593799999937
286.8242536173564,0.48144052064296355,45.669174955981795,0.044621471760901615,0.0009459025318095485,0.07878170999999945
32.033190834457045,0.2844903314162147,53.99208174247933,0.08609643453492757,0.006227344029689337,0.18382398999999872
19.608640542821906,0.8957325449290408,54.13691669854943,1.0801026653291241,0.009281527495678815,0.3413874099999976
188.94742966687284,0.22003430756946604,56.603266176436165,0.11410283297129603,0.007398046085670766,0.20745850299999855
53.359318731157316,0.27706016383225557,56.75636390338129,0.060783159153012,0.030725540815781244,0.2521014719999982
389.8216944798134,0.12301705964126307,66.38571230712408,0.19223300374113608,0.012054399619167083,0.2652317569999981
1.5402223524261967,0.9132432251605511,66.5717434058142,0.8140790293890295,0.39285824820740445,1.6018947699999888
27.52994575219379,0.2901173856601136,73.25062527414696,0.2390501932749815,0.0195462269309865,0.3440134669999976
1.409595043836195,0.6662374382981262,73.46203937919472,0.6113013276673294,0.2428475773914774,1.1922298779999916
308.2871326380965,0.11404743380240641,75.47976457703842,0.2511729774072937,0.01921859668141445,0.3335092389999977
1.224229696483393,0.785817109575076,75.69990822292665,1.025103198888362,0.9125315620000728,2.1166019419999853
139.10441997492623,0.26100699243110487,84.2109421485192,0.29310100749173273,0.022520537549075372,0.3702740369999974
2.4459769135052296,0.7357714365815528,84.46805720533177,0.7408590747303759,0.6758950061291332,1.6255292829999886
8.5799924376694,0.5151751999600567,90.66037234052233,0.5767954980025166,0.018645714820876545,0.36239586599999746
5.555115489971284,0.5133507640626802,90.94824474318304,0.6276443160043959,0.5075476644769275,1.4889743189999896
67.48168165182912,0.07874823530908744,101.46942228218748,0.36208149239317744,0.06249833777350559,0.5934888819999958
0.21730621433431524,0.5435236008310704,101.81773858452729,1.471244154972388,4.4924907036349415,3.7946523649999735
4.938190634705174,0.33859628465249314,108.1337726254242,0.2816908996617977,0.12426234642294405,0.7484262449999948
0.5421351709018106,0.43916612750377804,108.52684912876565,0.34985094839861397,0.1324436599752592,0.8035734419999944
2.4939524333543313,0.28608240042752847,110.40785585436507,0.4624953237285396,0.09476341187793055,0.7484262449999948
0.06937761349381102,0.3145057997517525,110.8178991130684,1.1897069478607174,3.4551653280042163,3.6607234579999743
104.56463044292595,0.8697135150581492,21.3818203015867,3.536727030002272,0.02383908180032506,0.428047290999997
402.03375024668634,0.09075008295795457,21.43547830993353,0.10643480370736075,0.003300587821362062,0.13918102099999902
1.141832266715257,0.10864200525774383,23.416781959469155,0.044744176640139334,0.0009967201200746683,0.07615565299999946
241.7569691326532,0.9993845424555561,23.47568589434162,6.623914377514888,0.0217683786441502,12.79677576099991
18.98175475261596,0.1643975643577799,23.530443095397295,0.03792185059725133,0.003065599423484069,0.12342467899999914
13.487531625723518,0.21513478176321704,23.589641149655233,0.037112049317522315,0.003680992659878453,0.1260507359999991
3.259622556891371,0.11054582839973744,29.498761854944544,0.09019121724940375,0.013418927897093246,0.2652317569999981
49.797617823602216,0.19706548109171562,29.573591669193473,0.02375977202718116,0.004142125529617937,0.11292045099999921
3.669758097373424,0.41944806365732923,30.644726196433997,0.3513868523630443,0.1048825022867974,0.7458001879999948
114.06717450874552,0.3020680050418872,30.722604184207178,0.03223030646236646,0.005348068595974327,0.12079862199999915
2194.46215505261,0.36354532113770255,31.816309743814795,0.02867746547932424,0.0005,0.05514719699999961
1134.679599067851,0.2431862457030293,31.897321441875,0.042752169540307555,0.0008679437884570129,0.07352959599999949
18.90277315531657,0.4782189262130551,34.16784015971422,0.058599240159479524,0.002856753816858935,0.12342467899999914
37.800774658923295,0.28273806603466184,34.25519799105211,0.07825772577541552,0.0030441889783631277,0.13392890699999907
82.61246177739758,0.6928862246678059,36.19150113966231,0.02579981905461053,0.0019546252962408008,0.06302536799999955
23.213636272754023,0.3709845041840608,36.28438477875612,0.030767928921922243,0.0005,0.05514719699999961
0.9050060555135988,0.8420642377674595,37.00277708286326,0.13579660789942508,0.006665433964089297,0.2415972439999983
90.12416779013898,0.259996575053993,37.09789382149511,0.05865855823860583,0.004533319609680158,0.15231130599999892
42.54869951114129,0.3603017169919668,39.69246315879356,0.060150724715923184,0.0017564096560355503,0.10241622299999928
10.297626523445903,0.6913931853949947,39.795061338000735,0.022360679774997897,0.0005886870537504845,0.04989508299999965
8.961106432689776,0.980627883832115,39.96400904629256,1.723437401852147,0.028641614307802397,2.6654478549999814
28.864155449772234,0.06069072818997062,40.067369480922125,0.0459243496339182,0.004362517691685893,0.15231130599999892
0.3670427982311799,0.8154433188252826,40.91903201541231,1.595364374405151,2.7788490506104084,3.3692311309999763
0.060171191686661386,0.6539145211562896,41.02508385913082,0.2839373153835075,0.014920521647129986,0.3518916379999975
5.618896939070213,0.5051475995084435,42.810648645945165,0.9127615362956701,0.0008102281027589338,0.06827748199999951
1.2038494025841335,0.935607434654409,42.922081665048005,0.022360679774997897,0.019706206737050657,0.047269025999999666
2.089545125849875,0.9958427040985822,42.74071863950286,0.8244668615049388,0.14572542829519336,1.6360335109999886
4.269260419764201,0.13999828826009117,42.85195149865374,0.0737297441351714,0.004511467885939329,0.1575634199999989
22.635729868316872,0.4999464926967334,43.5572527675689,0.038108171543912606,0.0009536811879692031,0.07615565299999946
8.60635344831702,0.40830727817605017,43.67082882466291,0.03585896296494064,0.0012891859520119226,0.08140776699999942
5.483859080716567,0.6028513537553942,45.07159415714844,0.4900913532562438,0.07261707922555938,0.7274177889999949
15.845988265639274,0.573901633439937,45.18955174320188,1.6981341044755625,3.0499402931448976,3.7736439089999734
7.943788938771639,0.9098882941002411,47.5910727674024,0.5033035807874111,0.012687018476909635,0.575106482999996
1.6890945376826525,0.45068715856660974,47.71642881537973,0.07969875637037532,0.003135816208146075,0.13918102099999902
1.8535977749456147,0.4758110447503677,47.89023647595424,1.1845386995956142,1.1399709765530992,2.4684935799999828
0.43475014343680857,0.6373176593053113,48.01648046128085,1.3281638180656894,1.5589018671827597,2.7993767619999805
1.7987559034975793,0.36060284688585625,48.13388057212803,0.09219303938352015,0.003654152731165859,0.14968524899999894
0.7257017248733809,0.30057616155594913,48.26084923786248,0.09184933677092505,0.0043627073451869254,0.1601894769999989
0.6522901217230163,0.8666835368579773,48.48507446276589,1.3859240409436504,0.07211256277682312,1.0845615409999925
0.6182459678772998,0.10071398616630277,48.61309013622504,0.07842595323980195,0.003987946767269365,0.14968524899999894
6.574289864010443,0.40586359999571214,48.76407361771563,0.07157619999596307,0.003243541796767439,0.13655496399999903
23.59781971690209,0.1485008548891488,48.89292313651257,0.08252920377133437,0.005251602037988879,0.1706937049999988
11.261876340478745,0.26208802363598294,48.94444003057978,0.08006130700627646,0.014011417811761085,0.24684935799999827
1.1140032432860607,0.21513519009733914,49.07382959475389,0.35369579652072736,0.007410246984292191,0.21008455999999853
1.959017607325906,0.9735398918595844,50.160433630575056,1.7097324153693285,0.020619545925131624,2.224270278999984
2.7465014376087327,0.9888378539163359,50.293484588975865,1.6183118561133334,0.06465002799617191,2.959566238999979
3.2553888967902136,0.4938513669108013,50.3916055740484,0.07545117016159705,0.0036111678114136223,0.144433134999999
5.701871589103678,0.698026836521135,50.5253567096678,0.3477114771985337,0.003943477679364629,0.18119793299999873
2.306624946608606,0.7852730394506402,56.95706388869559,1.3715597163369253,0.013559344889060517,0.3256310679999977
0.6307836961607902,0.7940938360091995,57.111296672937996,1.215201554734833,0.3860057255202701,1.9012652679999866
11.817990017706144,0.2856004621594237,57.79161552992484,0.11651016607064459,0.002222416952156125,0.11817256499999917
6.900499295294592,0.4488044435551522,57.94854096548683,0.1600225047348085,0.007431101015507997,0.22321484499999844
5.875125254005523,0.239190274486194,57.93074771717321,0.1352038530602721,0.0057023947823678246,0.1864500469999987
3.5358260997840736,0.28347871118014667,58.08812416697494,0.3022469576307731,0.08675666069423764,0.6775227059999952
1.4342190580063012,0.6713347652499279,58.2608848899633,1.9941293713198052,15.485183774607512,4.894970247999965
1.844502316775305,0.45935323905116876,58.419333964367844,0.18530222040566538,0.056591438148181,0.4779423739999967
9.612611056686102,0.5181064193297685,58.44142898368918,0.09853681821878517,0.04421527426848061,0.27836204199999803
2.1536774747557406,0.4314672798325503,58.600466114852786,0.32812498424109704,0.09714347494406941,0.711661446999995
0.777587811269238,0.6465324106112315,58.724582177351955,0.2834269774578839,0.09983942358352851,0.6407579079999955
4.105801320912959,0.3195955544518193,58.88454367888812,0.18153945645048666,0.014690664791577096,0.2967444409999979
4.742072466457588,0.5722434006619231,58.95968165823313,0.2822611171067716,0.19825320227217344,0.7326699029999949
5.395429286692119,0.29072391281734994,59.12041262017628,0.1525907228178691,0.011127789938935859,0.2573535859999982
13.077559190315396,0.311285261499789,59.118072542538364,0.13757306901928668,0.010650859433560894,0.24947541499999826
1.677513059832025,0.578191333968901,59.27932291589735,0.4646881061663315,0.1291091064234756,0.8771030379999939
11.087070232429744,0.5249595325240184,59.83208756224681,0.053103457118970326,0.0015602664972656356,0.09716410899999932
8.09845674133588,0.2274080322904965,59.995689630922236,0.12375406681027834,0.006067696588374599,0.18907610399999866
1.3627699117806906,0.46547357056243654,61.02275964757523,0.44931915309227716,0.15659941519559703,0.9217460069999935
4.208010961314923,0.30222790241695324,61.190321352919085,0.04272341960405287,0.0014539149105093348,0.08928593799999937
3.7163759947324877,0.44863344576421427,61.218850028575,0.7898686132946923,0.9289086203974491,1.985299091999986
1.7739361180816133,0.46705062739556885,61.387068497575115,0.6517300062267433,0.6804425127249168,1.6570419669999883
6.7178040468842415,0.5607871001970637,61.47116647312071,0.08518295101068635,0.023191680676786886,0.2284669589999984
2.4484775454302756,0.6127346004183323,61.64023199259093,0.32070905606094013,0.11189473470650645,0.711661446999995
9.161758907023351,0.5079033191538216,61.52693952508495,0.11808041538404496,0.029119754950158033,0.3125007829999978
1.0658634144921888,0.7050278986233858,61.696192580660444,0.08758440407007069,0.006207989361597136,0.18119793299999873
0.27212781353288473,0.8061738275238217,62.03261453427875,0.42433799967492164,0.07258927380512457,0.7563044159999947
0.5095621289978454,0.6721431894587282,62.20357292324501,0.056814624324616016,0.02118170119357342,0.13918102099999902
4.9954566224673975,0.39759481166966576,63.41434948243715,0.43300908778895264,0.21898045104061956,1.0267882869999927
1.7012409164334747,0.41180920146542765,63.59001454165963,0.21804039893627788,0.01769773454291942,0.33613529599999764
8.90072767128781,0.4293698778640779,63.62085450153063,0.15829119638954253,0.01492528226596728,0.2967444409999979
1.6257416060381422,0.5658620570307639,63.79722901607519,0.27462565384641546,0.0348054644056548,0.47531631699999666
1.632736506537787,0.5911125984869383,63.80090004810253,0.3099871080095225,0.03917986953883114,0.5147071719999964
1.5237513508976606,0.5586136982366741,63.97789441755859,0.6369884526058348,0.6275581075946487,1.5493736299999892
3.1897049827071204,0.5905296925773144,63.808190203858246,0.3183140800840273,0.039142619169616234,0.5173332289999963
0.9977918443317467,0.6758448216578968,63.98520969727624,0.3550931166040457,0.059558912348759104,0.6328797369999956
0.6033442165947692,0.2630300772825459,64.08730374678314,0.08673731537654598,0.001636090158660516,0.10241622299999928
0.05956016343995116,0.7061654544854157,64.26528665394653,0.34056663555944783,0.07259392286269206,0.6591403069999954
4.514568297132924,0.39893329582775616,64.96918421190341,0.18388472817728665,0.01763535075193242,0.3256310679999977
0.7803350581307604,0.5369923435757751,65.15023065167674,0.11125093727771128,0.007740758141100654,0.21271061699999852
1.638130813775478,0.5522269059781891,65.2656056713975,0.36259051726214275,0.15758112913930863,0.8350861259999941
3.04631176053193,0.49293056245168654,65.44768860883563,0.16556598081548565,0.010453392781858781,0.26260569999999817
21.90398896342316,0.39630727049435394,65.62530639521987,0.20810063914829563,0.017462140804286354,0.33088318199999767
2.3977789015371442,0.4826430905420854,65.80865174554091,1.0976414798850107,4.7518796039767075,3.1959113689999774
11.612360866028995,0.6530245123401002,66.48615703024676,0.43390068313016694,0.07329861480439072,0.722165674999995
0.6941549803490128,0.9198034691758773,66.6725446476917,0.9566589984126745,0.6127908272428993,1.9038913249999867
1.05894743372308,0.6335812582344532,67.20858528597658,1.0489716910690874,1.5404503555915896,2.431728781999983
5.854608419948517,0.20087623544634683,67.39754931003107,0.21938918733957727,0.026614285025958816,0.39128249299999723
5.365248011658898,0.40978183145849867,67.63262378262382,0.1966893773435976,0.02678477813791177,0.3886564359999973
1.4993662684377618,0.4521704150363052,67.82311018122908,0.9299843503818596,2.6391743840263655,2.710090823999981
7.07215160299951,0.488021483509584,68.30092477958189,0.24496183025228946,0.022843013830576766,0.3860303789999973
2.4077639169351546,0.568059425998879,68.49382597978331,0.5932441431135441,0.3521008565727778,1.3025242719999908
6.526772096685312,0.4832720250729315,69.6026755705038,0.17524341993966186,0.018184147401632385,0.3282571249999977
1.4350829696337115,0.6539374527666748,69.80033618167437,0.8795438138538269,0.7545838075885168,1.8907610399999868
3.2264456165269007,0.6429995520475181,69.69160058044369,0.569566145513827,0.23913113918864282,1.147586908999992
0.21805399995078106,0.7800606289835321,69.88958906089445,0.980343111701677,0.9840572680856641,2.0745850299999855
0.326213267899529,0.7448535566459703,70.465843904571,0.7583497679943698,0.0005,0.057773253999999594
11.344426023103436,0.3571569072173441,70.66670221282021,0.43540620853570633,0.2791694803896445,1.126578452999992
9.44039066156747,0.5419724205500526,71.96585259957146,0.09413141402468228,0.18164665452182718,0.23634512999999835
1.9767435850284474,0.5909990341110104,72.17235022290497,0.5396601706389536,0.2590637116297177,1.1449608519999919
0.912638667645883,0.5397759364912557,72.4949934865193,0.18375486235944288,0.015819851542506137,0.31775289699999776
0.831970610273888,0.45358901811454333,72.70350613603905,0.1289950076519169,0.0021126842783604108,0.12079862199999915
2.4390952687029728,0.493504314143897,73.54677886627107,0.8050532764158173,0.48331353379952835,1.6307813969999885
1.3481365565396461,0.5503178788186429,73.75933793900361,0.12595333621476748,0.022964085943752054,0.30462261199999785
10.618419237590283,0.2732312452118605,73.9240733994734,0.23950708611526159,0.030541322796495515,0.42016911999999706
4.019663986935601,0.3922820868198599,74.13809760333989,0.20702948977194344,0.03312824810752394,0.42542123399999704
9.95679874330563,0.3675281515210988,74.14183397575425,0.2245097125073883,0.03255297330171018,0.43067334799999696
2.6403370050490667,0.45079833694599014,74.35670712608673,0.25850651038775363,0.046419450173516466,0.5120811149999964
10.379387808441649,0.40057542989193556,75.00443042015519,0.06792898781707024,0.0950556899597084,0.20220638899999857
19.580389636778705,0.04013959529722875,75.22269072257686,1.0123784540322371,0.01554575516387006,0.2967444409999979
10.58358841234447,0.7825942316079118,75.42585255829547,1.057688498695004,0.4769845115800958,1.8881349829999867
2.5780576903759984,0.5830630173552354,75.6457819866672,0.9776839590469948,0.7768638255091597,2.024689946999986
3.541970801176686,0.6383499174283829,75.61563916294199,0.914388332605654,0.6202615420730409,1.843492013999987
0.6068226929955236,0.7285891066831335,75.83632339881363,1.0624796947130053,1.2225672123319071,2.292547760999984
2.513594798405467,0.7016324625512468,75.69036699288314,1.036887157185537,0.8852776828542174,2.137610397999985
0.4045866143088271,0.7822901401169805,75.91134896716231,1.0526569451220524,1.3341720187165016,2.268913247999984
0.02255774788760434,0.36367206398684165,76.27991620247464,0.1960248471211793,0.008939851913553086,0.2415972439999983
1.3650079820262118,0.1616788776072644,76.50325782657087,0.21310173204856925,0.02990302020431832,0.4096648919999971
2.389767473020732,0.3781447829738467,76.80937070689266,0.1924443126135209,0.08227904718069615,0.5567240839999961
2.247185561560693,0.30234101071021713,77.03484785743285,0.32583649964305034,0.13901615361916994,0.8219558409999942
4.2198813360883864,0.4655708649855184,77.33787929349582,0.20074843528952335,0.02267546121553009,0.36764797999999743
0.33266316618264596,0.7083828519870548,77.56550390960368,0.19387176882424478,0.10944543579141752,0.46218603199999675
1.0347284645178718,0.546064536314464,77.55538031156595,0.02669757556882904,0.002498351488019475,0.07352959599999949
2.971705205485584,0.5568744912779277,77.78389332422968,0.14253590388792692,0.5368718136681837,0.3440134669999976
2.574252090131992,0.4465257847305469,78.11087047017124,0.51904670264091,0.17826576593844876,1.0084058879999929
1.0657171489751935,0.5888480499844831,78.34166485284906,0.022360679774997897,0.03114845864592744,0.04989508299999965
1.533687995751257,0.5073368119079043,78.78884340983443,0.03705311141529893,0.0010260150991075376,0.07615565299999946
2.099765877957071,0.37313771235885534,79.02244679194148,0.43606160173997416,0.20225471647402268,1.0084058879999929
3.0260892494529874,0.3214192118528541,79.0106048878419,0.5090959986685578,0.23966624438066156,1.1239523959999922
1.2839336082439998,0.6062745086970883,79.24513304082198,0.11191370818300257,0.353140077977421,0.25997964299999815
2.5493664257165074,0.6949565318846197,79.86589503336944,0.1535840758890732,0.06493854179618896,0.3702740369999974
0.21710892840135226,0.6987678593897925,80.1040178943111,0.2057797230259049,0.053923927765469414,0.4595599749999968
1.638906311511842,0.4791930308365709,80.3474416359573,0.26404664686106294,0.14899106063607312,0.711661446999995
2.9026404376069235,0.33213047856312167,80.58760832943055,0.27414009592321176,0.07837963791537987,0.6328797369999956
4.461267697284951,0.47550198252673637,81.09785899360102,0.24063972963530372,0.060290678893391285,0.5435937989999962
0.8336651658609076,0.5775838814652721,81.34123997512981,0.5248298296554756,0.2435785190017118,1.1134481679999921
2.0416909679468915,0.9172125846627649,81.61466019100912,0.0780652647416116,0.3521839907720992,0.1601894769999989
0.7621435121544613,0.5079056083861726,81.86027594928058,0.5251307432966633,0.1998351880657782,1.0530488569999925
0.7060965777209287,0.4095377011707076,81.60197674518226,0.745279123350088,0.7500496491229215,1.8461180709999871
0.0952881995915291,0.5616267121860598,81.84753744779702,0.5080401578701025,0.16917392462292674,0.9873974319999931
2.396888520799073,0.38403482072251455,81.87016989467995,0.8594510492948124,1.3679180764090346,2.3555731289999833
1.7934230175565968,0.24138298867365707,82.11689701852968,0.17727558391789583,0.016540876711769348,0.3098747259999978
0.9914823289424319,0.46459110196884207,82.09877471722939,0.17703479501832936,0.01563598184100695,0.3098747259999978
0.6684307409073131,0.4585024068962244,82.34649985438611,0.2285307641820639,0.03665107202958344,0.4543078609999968
0.9642699054763972,0.556082845814751,82.34266104247024,0.20782360315995027,0.03361077814057038,0.42542123399999704
0.5241797627460301,0.5690521606219483,82.59145476239719,0.2951976372467094,0.07633982899661446,0.6250015659999956
0.32123605054,0.5871416431958075,82.54560836796111,0.29113357522492317,0.06536360401022263,0.5961149389999958
0.42246485468875683,0.5178575791440566,82.79529435401426,0.18069158937148216,0.016626203581787454,0.3203789539999978
0.5232286848932447,0.6549683632216895,82.4910000167173,0.08503895735577593,0.050128489168284156,0.21008455999999853
1.4352748712909418,0.3372310737222525,82.7404456407138,0.07245878290031701,0.005115783237800646,0.16544159099999883
3.608924978889503,0.5044346449735574,83.22645274541541,0.13450685562924863,0.010975536768988348,0.25472752899999823
2.642227530786047,0.4725328865370867,83.47915262836048,0.10261501867020757,0.029028176538231136,0.29149232699999794
5.313565176219493,0.5224270681693772,83.78454628949196,0.10780825292273938,0.03640543922236139,0.2993704979999979
78.83220316594968,0.07337389417793268,84.03974066709507,0.06231120895131093,0.002407947561361141,0.11817256499999917
0.16149822655230633,0.7451180251051566,84.67471919258428,0.7726959489917851,0.898879736017231,1.7305715629999878
0.05326557051226575,0.8137012222950472,84.93393813255354,0.5573088239911259,0.07776270385994875,0.8771030379999939
1.2647106903696637,0.45187447584523543,84.9206081086616,1.041173165678435,3.473397148872552,3.0541042909999785
1.2658326795685992,0.15660276518499217,85.18094884690628,0.1518974226322588,0.004580498303656486,0.16544159099999883
1.8877333132904175,0.48173464796597454,84.78799045979112,0.9722005151125545,2.373378694121199,2.689082367999981
0.12237820496716494,0.5529393435373838,85.04772561795089,0.421236258394624,0.09449743887011225,0.7641825869999946
0.6185863915422731,0.37229127833417963,85.47382840927644,0.27505331448074644,0.049764150963196724,0.5330895709999962
0.1450136416430251,0.4516458069699671,85.73670936261395,0.36751379516031696,0.19756441448634285,0.9191199499999936
1.4358547453460908,0.3215565987391078,85.53016124995392,0.35308385241662776,0.09798731074525881,0.7326699029999949
0.36348220468076187,0.42645879130276976,85.79330214481153,0.3708251797464936,0.24964673163233672,0.990023488999993
0.6419870832346208,0.6167630113134726,86.1036097440858,0.29675411138597335,0.05041597363331103,0.5567240839999961
2.034942741573486,0.40130748783970416,86.36941038146965,0.26060067808897835,0.03941847784362155,0.48056843099999663
3.599004606599593,0.18487537222561642,86.22765613225663,0.21961808452584086,0.0028546198984995834,0.13130284999999908
0.4835134732351105,0.4708792776967748,86.49403540913866,0.1654895114784577,0.02072598426152138,0.3387613529999976
1.1486231442010313,0.4148167726246957,86.4577916112218,0.2693424720058959,0.028538274749588748,0.422795176999997
0.8314467296232466,0.4872182311413464,86.72524753688681,0.630899589074549,0.6086172723811077,1.573008142999989
4.453142873483903,0.40714987070503467,86.46656703989909,0.25606901599713794,0.02653839291936586,0.40703883499999716
0.7977951636842289,0.5642779977981034,86.73406410085559,0.3759289081053815,0.19477527653244367,0.8902333229999938
1.701582752544411,0.5480305569599488,86.6517375643999,0.3909835375351899,0.22447597420786683,0.9453805199999934
0.9131454960711785,0.4918422014532367,86.92010401588979,0.4825847257652255,0.35082643437748945,1.1974819919999915
0.2239566570554148,0.5977846360041634,86.88529600912717,0.42650246003391257,0.2596764348401493,1.005779830999993
0.28863465334328364,0.4725099414692953,87.15476285041571,0.4372754181156049,0.1964098866736173,0.9821453179999932
0.738206139409129,0.5841173218884087,87.07108603725968,0.17663360119484836,0.22859864180560588,0.46218603199999675
0.7463100129963443,0.3907236507417048,87.3414312712244,0.4323877244241717,0.10524586410148225,0.7851910429999945
1.4768311436517578,0.6036527105959345,87.86802107315008,0.30999494127833116,0.06404789147030554,0.6066191669999957
1.9654044427781356,0.38798037770703875,88.1421653052114,0.6988294245072584,0.34930921511811847,1.3944362669999901
3.1946109485520267,0.16414314410296776,88.70822795624625,1.244819603552944,24.308646953210083,7.502644848999948
0.8036688972981264,0.48699786909447473,88.98643339942421,0.4373416839903848,0.14772375472835594,0.8954854369999937
3.2143180950269414,0.6359556006335046,88.96939559048407,0.26866992499793124,0.08433830930285424,0.6039931099999958
0.2567294796805626,0.909149299726381,89.24887536500387,0.026541255036730486,0.32476689321929575,0.05514719699999961
0.45263847530038137,0.857117882927933,89.81035325621698,0.022360679774997897,0.008392318010072617,0.047269025999999666
1.4153484376156569,0.17380203628568214,90.09397576820402,1.4207730237802303,11.368383747195619,6.436465706999955
8.744683173260805,0.3344782384845668,90.4271060172899,0.07369781431758995,0.004053372786485505,0.14968524899999894
2.9541890102959893,0.5701698579662969,90.71380577986375,0.07222655582885777,0.003997280227207528,0.14968524899999894
12.417840144426812,0.6264952489924132,92.6282867742112,0.39233756820937066,0.048394119640158495,0.5961149389999958
0.5071834542513103,0.5776873511161267,92.92625011940488,1.2869839741853815,1.9899351974453476,2.946435953999979
2.236648988871499,0.3600595736552162,93.02684858270698,1.360733931516678,2.263950868741065,3.3035797059999767
0.3733487796731799,0.5033284474778865,93.32690014883248,1.4151695949377083,2.873022078174199,3.455891011999976
1.1582094141371744,0.025868783860033162,93.27734759118057,0.046362574602532694,0.0023284281963259356,0.11554650799999919
0.08452983462160062,0.6105989976334192,93.57871953391461,0.14622561443084936,0.007957485066837891,0.23634512999999835
0.07751571373109692,0.8402003334756001,93.76048304394169,0.4205883892222776,0.05394781190207677,0.714287503999995
2.418356907699529,0.3942735165586008,94.06441907774305,0.32084672497132466,0.11033988725950934,0.7405480739999948
0.5933268023215615,0.1542740446260099,93.57012737963925,0.2158725920736722,0.004230243747385053,0.1575634199999989
0.4012317310431606,0.6866927610042903,93.87305039159268,0.24367268413110454,0.0776860095686022,0.5488459129999962
2.273958378026781,0.7985119325637294,94.88264052069204,0.3353914197205626,0.13192080875842735,0.719539617999995
1.423551871504541,0.4970712581918701,95.19262298223374,0.3519428267383194,0.048869086463346686,0.5646022549999961
0.4233111044024286,0.4622221547115895,95.58894793535347,0.5897393118184724,0.5310227865335548,1.4863482619999895
0.1088712679672871,0.6672311454926266,95.90280318991309,0.42103440554217386,0.3417595325737949,1.003153773999993
1.0296899384572784,0.2511338315785514,95.51988691370988,0.1041516116072272,0.004884896233393948,0.1706937049999988
0.25343289259958146,0.47434648670581175,95.8333611611925,0.031228780819135986,0.0005,0.05514719699999961
0.4274577605740506,0.5965613201895144,95.8114616941759,0.5704527086821397,0.38090284604544417,1.292020043999991
0.44932373798577246,0.33046242174141194,96.12654803052067,0.16428699557706286,0.020971435144452093,0.3387613529999976
0.5987551030211908,0.5680437366361554,95.893042869692,0.5556690365215652,0.6406919066737783,1.4128186659999902
0.7293133753860821,0.29305752794432577,96.20858190032632,0.31114278738418316,0.05192675502930243,0.5488459129999962
0.38941407312622767,0.5256621258517036,96.30882387976861,0.3559455653667164,0.08286408908976811,0.6906529909999951
0.4699723239639143,0.5768010368235436,96.6266813298473,0.2820185599912982,0.12189413883546935,0.6801487629999953
0.6882492191668362,0.5077554203729768,96.38549187738683,0.12920594265386293,0.0057068436025548034,0.19695427499999862
0.6505841473377529,0.40180648496236476,96.70377890119592,0.3246286451033403,0.1230350301336903,0.7694347009999946
1.0548315123247964,0.5491109948290842,96.51548573157267,0.1095388902896745,0.11726175159319659,0.29149232699999794
0.2520152753830085,0.4784331051222015,96.83450259919049,0.2952285850707505,0.11107601777817999,0.7064093329999951
1.2646739629529253,0.3343583068731583,97.12198130364105,0.1381393987254112,0.00727250929757184,0.21271061699999852
0.09555902972100869,0.5991692334739476,97.44442822371133,0.3470054555309913,0.1270031514737227,0.7668086439999946
0.5670613745828603,0.764398360759266,97.13116427819084,0.14360438984300458,0.009831491018928584,0.26260569999999817
0.17318102908055172,0.6356767323056606,97.4536634511331,0.3602420985388508,0.12744812664177826,0.7799389289999945
0.17567536676430995,0.532394024630443,97.58867644404152,0.29582128641543176,0.053119804789746414,0.559350140999996
0.3722513311361172,0.3506921048377367,97.91379113238385,0.2928240565457305,0.05036123170533659,0.5409677419999962
1.574272217336632,0.36556594085397914,98.01130614693021,0.35090568854167936,0.06656246887928474,0.6250015659999956
0.35407466316214126,0.39282649365474903,98.33885839976199,0.40911452598938625,0.13583682919574946,0.856094581999994
1.2025022737420956,0.47463066876086024,98.55307427956969,0.16672191277633083,0.08589813859627593,0.4779423739999967
1.0090374487367773,0.3058302591659725,98.88378194036302,0.26328381665446393,0.03808989704017934,0.4700642029999967
3.459216511402121,0.49465169100031475,98.9624654570158,0.09547173666733783,0.008295861870724636,0.20745850299999855
1.4045366403232418,0.35499795305631837,99.2955808086311,0.35519013661138293,0.1588165836690914,0.8718509239999939
1.564753847317024,0.29639605213161707,99.23266271588471,0.41655621959015393,0.19017969024417047,0.9847713749999931
0.3976917303008235,0.5171245998987507,99.56737828988771,0.22423306015871616,0.06616987164266384,0.5357156279999963
1.9196368271773432,0.3004474410404843,99.64437681102847,0.2112683946195869,0.03400203676007964,0.433299404999997
0.628154767516196,0.3755407405284541,99.98154802124883,0.2468782365446437,0.05280308121795591,0.5304635139999963
0.9650206990956434,0.5025702399202329,99.59617766240297,0.3634941210374044,0.8314900338841129,1.0425446289999927
0.3093027057177569,0.3872579614004692,99.93306030466569,0.2573151121942936,0.06137922322396156,0.567228311999996
0.7794988507067725,0.28001844662819114,100.14209788369607,0.7218345837764624,0.8396958298802532,1.9747948639999862
0.35290225633212335,0.2594802907448316,100.4822660175586,0.9398943619681008,0.5818955222134788,1.8093532729999873
0.40340487176061623,0.41530231210077456,100.08502190919475,0.12076137318518802,0.022543099678771567,0.3125007829999978
0.24098080544112935,0.2615646634998244,100.42484478183171,0.9283966565259584,0.6262919626891666,1.864500469999987
1.4081261926823876,0.5022925660507488,99.81127611175957,0.15007780706865712,0.03221006009421876,0.36764797999999743
1.0256580220978069,0.2733525508553942,100.14944879272437,0.11569443438547808,0.010035240598130785,0.23634512999999835
0.8672225128170127,0.24423881819961998,100.53564945875753,0.938257193110508,0.5229081010683859,1.725319448999988
10.528987908422303,0.07385003735178902,100.87820958906521,0.45825054764254675,0.12863417771275062,0.848216410999994
0.42301244802787774,0.17455412319602662,102.11950805473319,1.4846219658074693,6.840796415319483,5.454320388999962
0.0867592032185605,0.2914584711709586,102.47190058831633,1.1566108115936555,5.575243673501957,4.170178515999971
2.173337036188257,0.08812935448732975,102.5968088648972,0.19034516167787618,0.049425741086666426,0.5147071719999964
1.2444303636978329,0.15687680240752577,102.95223117812424,0.36198503115792435,0.1520786514142361,0.8981114939999937
2.620095230600299,0.5975263350852921,103.09351102997036,0.03958308052376791,0.007280749680340721,0.10504227999999927
1.4185093003326545,0.38310874024100783,103.45212023462808,0.2368519973209571,0.029982880026079378,0.422795176999997
6.449216236536876,0.36591254532609047,103.40207488645505,0.3251943963895734,0.04616725615316118,0.5304635139999963
0.947267736716762,0.5261816042642901,103.76268161062801,0.4010634811776989,0.30889625046048613,1.0320404009999928
2.701580489224736,0.25385667893377256,103.93756742055724,0.40869255208840755,0.42719406338177873,1.3287848419999906
0.2864073541710399,0.6079085057055674,104.30167357255583,0.3892535808825913,0.5673733392422396,1.0084058879999929
1.1557369165170197,0.43562119885095435,104.4592256038707,0.14883462049182208,0.010972101269794145,0.25997964299999815
0.6280041074999061,0.6778790297764411,104.82678162144688,0.06862417237620864,0.05086537735743348,0.16281553399999885
0.39036021528092135,0.6292862954285625,104.8862235074413,0.10762755445497336,0.02777250872778226,0.26785781399999814
0.18952375673169491,0.4126984958003169,105.25663399099855,0.27278393082126734,0.07557684736202286,0.6171233949999957
0.9749680033680435,0.45660991899703424,104.91701381477944,0.2048759070660165,0.04230347826210462,0.4595599749999968
0.1083111997947884,0.5319806085895497,105.28763121009632,0.17243098341043106,0.06725836095373021,0.4543078609999968
0.8571807596762753,0.44977287263774895,105.6209819480268,0.23794380032096496,0.09109909310110315,0.6118712809999957
0.6044584572574203,0.3865649826887061,105.99637028677176,0.20127347244566493,0.19821230218248787,0.6643924209999953
1.476849583779566,0.3900982501171471,105.54283154987588,0.22821961612549077,0.04136848630561965,0.47531631699999666
1.1769378205905605,0.498187802019238,105.91768640544457,0.1472065153536216,0.0813711002468545,0.422795176999997
0.7079228589256549,0.2885189200574553,106.11920539808229,0.3449792671175609,0.210587944962438,0.9742671469999932
0.38615150031294077,0.750045530344806,106.49801772392918,0.053340245037481526,0.07797155958266706,0.11554650799999919
0.716332539103351,0.31826925182552324,106.36165247169036,0.2590165985610657,0.20027414866551846,0.8403382399999941
0.2935724997727506,0.3170142760079189,106.74214549349668,0.22458402882496606,0.060173001872835336,0.5462198559999961
1.004516924461099,0.4708257239739859,106.69914372516727,0.27132279929683584,0.13283381000929084,0.709035389999995
0.5078670754300721,0.333657916683562,107.08199235869756,0.2796889877688476,0.4185811540531129,1.0005277169999929
0.43234551601319693,0.43421770917532454,106.80667547195755,0.23349574536767578,0.17381094934125732,0.6959051049999951
0.06996748718378296,0.128007255466217,107.19027861435744,0.6562339621411272,14.924830312569306,5.128689320999964
1.2707166816438331,0.5090709603377944,106.92011289607628,0.14972873890661192,0.24193947018029696,0.41229094899999713
0.19006294665319204,0.3123097703906811,107.30451407680366,0.47444493008755084,0.31244830361833564,1.2184904479999914
1.0830165220604544,0.5284653676777448,107.0432957057785,0.11198987933607356,0.2551425606115913,0.283614155999998
0.16468952479379462,0.3542964539971529,107.42856592811765,0.4416723203863233,0.27271629527057467,1.1239523959999922
7.983964117607229,0.45446031903255535,107.87791040316988,0.08086192026672817,0.010955665169124279,0.21008455999999853
1.1440115319174953,0.44142299280100145,108.26913679701659,0.1840855035551709,0.21676397836342964,0.5724804259999959
2.511878807064572,0.5004242749567822,107.59761715189141,0.18332626986093734,0.022754429567505237,0.3597698089999975
13.92159307523538,0.17438588724782442,107.98682989721435,0.3715608583154953,0.09829719881770747,0.7405480739999948
1.236047308008268,0.46116694496059263,108.47762300588077,0.2651707668933128,0.15238787150555863,0.7247917319999949
0.7469173815997129,0.1518452204276744,108.87320408011385,0.569379483931186,11.466091435037388,3.7972784219999736
1.2839582173264243,0.27079011370835726,108.53910031336564,0.4327324546314792,1.091583785768409,1.720067334999988
2.1891154202878402,0.28518379438849056,108.93513140581275,0.10813421739691548,0.012509444641806962,0.25472752899999823
1.159438696284838,0.26105068137078596,108.52919398383105,0.4412574506318116,1.1255129997584763,1.7778405889999875
0.48471361590363765,0.16008978180449288,108.92515251539699,0.5764797682079889,10.85953241721061,3.668601628999974
0.3968403232277092,0.2598330433324108,109.28799316058269,0.6213614250212842,0.6479624960832175,1.7384497339999878
1.0729588706181181,0.11269840087442601,109.6895612716062,0.6256976654639608,0.23456648388735246,1.147586908999992
0.508154185944869,0.24533272903634024,109.29492371850324,0.5498610854482904,0.637653220117621,1.6806764799999883
2.9366742908453265,0.07887074835141468,109.69654355233325,0.6113457527566882,0.2250547813267615,1.1213263389999921
0.9276811302711401,0.25296674518653384,109.37164754742346,0.8359224378366954,3.1911991325009668,3.2221719389999772
9.537364282275991,0.05192177015483464,109.77384056826449,0.4542470713229689,0.1367202670681396,0.8718509239999939
1.8535210906946227,0.17309252182573315,109.36404190070304,0.7714529594044176,0.5762578757764062,1.7620842469999876
21.481673899655597,0.04514095993892103,109.7661780525047,0.4604322569602243,0.14123766050837702,0.8876072659999937
160.08954515588758,0.06775999881736863,110.41023581317737,0.40192086052883585,0.08904356951388044,0.7064093329999951
0.6731168167595772,0.2303334502181749,110.82029733964612,1.1875778280259905,3.213766374661687,3.7605136239999735
0.4665761412583895,0.2637295548027653,110.62904349685992,1.0617924321593266,2.2104087557349756,3.132886000999978
0.011662066267326738,0.4920367029236422,111.04078925207281,1.1584314016741808,3.5050247183658647,3.1985374259999775
0.8461680937782589,0.11669682221473315,111.04531501511113,1.152253150005282,4.873543974584337,4.740032884999967
0.19953374548705707,0.7400612028015018,111.46029104442982,0.13091766533529536,3.4711024404534556,0.2704838709999981
0.00850235897657945,0.777596812888154,111.2462650551405,0.8081747035780337,2.1826702830769165,1.8382398999999872
1.955468796930165,0.15022354485769251,111.66281286162315,0.1858416413293832,0.05658162673390873,0.5357156279999963
0.4264320042951947,0.09757248543485435,111.59611113179724,0.24098737701822673,8.347350743867612,1.840865956999987
1.1162276421784385,0.46915546851208384,112.01541488699519,0.09025370326575925,0.11232149526923452,0.25472752899999823
1.0285765196285148,0.03071823794310184,111.30641356639173,0.7519650342838624,8.997758644968158,6.6071594119999535
1.900304400156651,0.1366136138915893,111.72343342452574,0.2215129251383807,0.06457694219694847,0.5829846539999959
0.3994172827311209,0.12005614650496389,111.89073471298607,0.30145274402158956,7.701226086339309,2.148114625999985
0.7226540622878634,0.15541499505980733,112.31237890263796,0.2625977183581262,0.22673144502127066,1.003153773999993
2.4678352879574152,0.36810946556934804,112.60841517586844,0.13401171320816152,0.027956404913075692,0.3518916379999975
0.8926087711594072,0.24731705714400315,113.0358366720546,0.272861623131273,0.16600213827466617,0.8508424679999941
1.515949941366997,0.24200097546364416,113.03320171841263,0.28635029293129033,0.18813669861570734,0.9033636079999937
0.457069750820779,0.5800674243517885,113.46409474873934,0.13121133757254488,0.5935387792820833,0.30724866899999786
0.9749820086087385,0.5432824991301203,113.16363828689258,0.07848985833559413,0.129296922576071,0.19695427499999862
1.2692700860177106,0.7311337485299316,113.59560521366697,0.08954062818089424,0.09354371000502469,0.20220638899999857
0.8156235498906507,0.0776665633154587,113.70806116924709,0.3749274405816658,3.3177812864521155,3.395491700999976
0.5585906160218127,0.2947553719614973,114.14455121385933,0.3219216223960184,0.3868219597504855,1.1292045099999921
3.8435191049862,0.36579103042908606,114.27917850961495,0.19613090260456312,0.07065493553676092,0.5409677419999962
1.9928782874532738,0.20297993455188643,114.72048563797115,0.22617798748801016,0.109725335562915,0.711661446999995
2.0506829407268974,0.4157815204936249,115.04184675720178,0.11574873086238614,0.26284046388774807,0.33613529599999764
1.0805179924284007,0.17997208351409733,115.48970528189349,0.22890839884509376,0.40095000233536915,1.126578452999992
1.9161623303692523,0.43324249236894474,115.2544359273795,0.15511275400476912,0.04184810887018949,0.4096648919999971
2.2313102144725203,0.5143208841393191,115.70414539597172,0.05578900766724128,0.023794635763214295,0.1575634199999989
0.8022767056133357,0.45219250554594237,115.64585548397828,0.18455821977315465,0.17196788430299995,0.5646022549999961
2.888011439501196,0.45758802003991156,116.09900178883564,0.08699811665080749,0.07584986038172065,0.2573535859999982
0.5488149074812718,0.45765428746063835,115.68154841235786,0.14824023827436056,0.10288795954504773,0.44905574699999684
0.52346502617607,0.23888476927223418,116.13500999779201,0.14911121749715528,1.440058204597207,0.5015768869999965
1.9534379710912786,0.3365866072809241,115.9406325041865,0.1678595387271836,0.06711977294080242,0.5068290009999964
0.7132020847949053,0.20918910661633475,116.3963921417174,0.2295520313029982,0.41578341888212655,1.0793094269999923
1.630737607487871,0.27377328449724575,116.30014756160222,0.2062060650707418,0.14185477109894853,0.7169135609999949
0.26962515414743704,0.4013390662155509,116.75912409818574,0.1546999515702628,0.4261918964625793,0.4674381459999967
0.5151925193094542,0.6125020989226165,116.73422190189223,0.14091330604746338,0.26724707900837025,0.3440134669999976
3.084367119226532,0.20062190362390614,117.19712664901539,0.2441385819570244,0.1795125783271635,0.8718509239999939
0.4972180151327804,0.4418790656537093,116.54054064998634,0.18850985739254528,0.14187910608618393,0.5724804259999959
0.6603136940173694,0.21422517545201913,117.00168662708505,0.2334372386329273,0.4044675428602457,1.0714312559999926
0.9476651803165521,0.35049198296429956,116.61447133001732,0.059995046848822446,0.0027499753703466336,0.12342467899999914
2.8900077977028356,0.09871608715462077,117.07628750088342,0.23737567658095807,0.34558238678743153,1.2289946759999915
16.931312204797226,0.009906491194694613,118.71292045833566,0.24676646686531428,0.2867878844352705,1.2500031319999911
20.89536818638112,0.01539125067718987,119.19437218637702,0.14846503602605285,0.05704173609229838,0.559350140999996
86.78426778147016,0.00262947835381321,119.66298590770813,0.13560239100390448,0.037579828667667674,0.4569339179999968
4.235181627891855e-13,0.31047243779354045,120.1537375696824,0.766139904694531,4.704390246227186,2.9569401819999794
5.742334940778832,0.012644672505657572,119.90420904625101,0.022360679774997897,0.0022264370854129787,0.11029439399999923
5.437550572979114e-15,0.0007635767376459197,120.39736494227029,0.022360679774997897,0.7009026361139812,1.9406561229999864
